{"cameraMode":{"drawMode":0,"name":"Shaded","section":"Shading Mode"},"sceneLighting":false,"audioPlay":false,"sceneViewState":{"m_AlwaysRefresh":false,"showFog":false,"showSkybox":false,"showFlares":false,"showImageEffects":false,"showParticleSystems":false,"showVisualEffectGraphs":true,"m_FxEnabled":true},"in2DMode":false,"pivot":{"x":0.00004839897155761719,"y":0.8340067267417908,"z":0.05996762961149216},"rotation":{"x":-0.15584422647953034,"y":0.22657252848148347,"z":-0.03675111010670662,"w":-0.960749626159668},"size":1.3205019235610963,"orthographic":false}