{"cameraMode":{"drawMode":0,"name":"Shaded","section":"Shading Mode"},"sceneLighting":false,"audioPlay":false,"sceneViewState":{"m_AlwaysRefresh":false,"showFog":true,"showSkybox":false,"showFlares":true,"showImageEffects":true,"showParticleSystems":true,"showVisualEffectGraphs":true,"m_FxEnabled":true},"in2DMode":false,"pivot":{"x":-0.00009590387344360352,"y":0.8076953887939453,"z":0.07486765086650849},"rotation":{"x":-0.15584422647953034,"y":0.22657252848148347,"z":-0.03675111010670662,"w":-0.960749626159668},"size":1.288872480392456,"orthographic":false}