{"cameraMode":{"drawMode":0,"name":"Shaded","section":"Shading Mode"},"sceneLighting":false,"audioPlay":false,"sceneViewState":{"m_AlwaysRefresh":false,"showFog":false,"showSkybox":false,"showFlares":false,"showImageEffects":false,"showParticleSystems":false,"showVisualEffectGraphs":true,"m_FxEnabled":true},"in2DMode":false,"pivot":{"x":0.21307097375392915,"y":0.98218834400177,"z":0.22152364253997804},"rotation":{"x":-0.014130594208836556,"y":0.9099774360656738,"z":0.03112667240202427,"w":0.4132672846317291},"size":2.0002293586730959,"orthographic":false}